PDB_Name,SSE_Sequence,X._Helix,X._Sheet,X._Coil
ExtVal_1.pdb,CHHHHHHHHHHHHHHHHHHHHHHHHHHHHHCCC,87.87878788,0,12.12121212
ExtVal_2.pdb,CHHHHHHHHHHHC,84.61538462,0,15.38461538
ExtVal_3.pdb,CHHHHHHHHHHHHHCC,81.25,0,18.75
ExtVal_4.pdb,CHHHHHHHHHHHHHHHHHHHHHHHHHC,92.59259259,0,7.407407407
ExtVal_5.pdb,CHHHHHHHHHHHHHHHHHHHHHHHHHC,92.59259259,0,7.407407407
ExtVal_6.pdb,CHHHHHHHHHHHHHHHHHHHHHHHC,92,0,8
ExtVal_7.pdb,CHHHHHHHHHHHHHHHHHHHHHHHC,92,0,8
ExtVal_8.pdb,CHHHHHHHHHHHHHHHHHHC,90,0,10
ExtVal_9.pdb,CHHHHHHHHHHHHHHHHHHHHHHHHHC,92.59259259,0,7.407407407
ExtVal_10.pdb,CHHHHHHHHHHHHHHHHHHHHHHHHHHHHHHHHHHHHHHHHHHCCC,91.30434783,0,8.695652174
ExtVal_11.pdb,CHHHHHHHHHHHHHHHHHHHHHHHHHHHTTTTTTCCC,72.97297297,0,27.02702703
ExtVal_12.pdb,CHHHHHHHHHHHHHHHHHHHHHHHHHHHHHHHHHCCC,89.18918919,0,10.81081081
ExtVal_13.pdb,CHHHHHHHHHHHC,84.61538462,0,15.38461538
ExtVal_14.pdb,CHHHHHHHHHHHHHHHHC,88.88888889,0,11.11111111
ExtVal_15.pdb,HHHHHHHHHHHHHHHHHC,94.44444444,0,5.555555556
ExtVal_16.pdb,HHHHHHHHHHHHHHHHHC,94.44444444,0,5.555555556
ExtVal_17.pdb,TTTHHHHHHHHHHHC,73.33333333,0,26.66666667
ExtVal_18.pdb,TTTTTTTHHHHHHHHHHC,55.55555556,0,44.44444444
ExtVal_19.pdb,HHHHHHHHHHHHHHHHHHC,94.73684211,0,5.263157895
ExtVal_20.pdb,HHHHHHHHHHHHHHHHHHC,94.73684211,0,5.263157895
ExtVal_21.pdb,HHHHHHHHHHHHHHHHHHC,94.73684211,0,5.263157895
ExtVal_22.pdb,HHHHHHHHHHHHHHHHHCC,89.47368421,0,10.52631579
ExtVal_23.pdb,HHHHHHHHHHHHHHHHHHC,94.73684211,0,5.263157895
ExtVal_24.pdb,HHHHHHHHHHHHHHHHHHC,94.73684211,0,5.263157895
ExtVal_25.pdb,CCCHHHHHHHHHHTTTCCCCC,47.61904762,0,52.38095238
ExtVal_26.pdb,CHHHHHHHHHHC,83.33333333,0,16.66666667
ExtVal_27.pdb,CCCCCC,0,0,100
ExtVal_28.pdb,CCCCTTTTCCTTTCCCCC,0,0,100
ExtVal_29.pdb,CCCCCCTTTCCCCCCCCC,0,0,100
ExtVal_30.pdb,TTTTTTTTTTTTTCTTTTCCCCCCTTTCCCCC,0,0,100
ExtVal_31.pdb,CHHHHHHHHHHTTTTTTTCCCCCCCCCCCCCC,31.25,0,68.75
ExtVal_32.pdb,HHHHHHHHHHHHHHHHHC,94.44444444,0,5.555555556
ExtVal_33.pdb,CHHHHHHHHHHHHHHHHHHC,90,0,10
ExtVal_34.pdb,CCCCCCCCCCCCCCCCCC,0,0,100
ExtVal_35.pdb,CCCCCCCCCCCCCCCCCC,0,0,100
ExtVal_36.pdb,CCCCCCCCCCCCCCCCCC,0,0,100
ExtVal_37.pdb,CCCCCCCCCCCCCCCCC,0,0,100
ExtVal_38.pdb,CCCCCCCCCCTTTTCCCCC,0,0,100
ExtVal_39.pdb,CCCCCCCCCCCCC,0,0,100
ExtVal_40.pdb,CCCCCCCCCCCCC,0,0,100
ExtVal_41.pdb,CCCCCCTTTTTTC,0,0,100
ExtVal_42.pdb,CCCCCCCCCCCCC,0,0,100
ExtVal_43.pdb,CCCCCCCCCTTTC,0,0,100
ExtVal_44.pdb,CCTTTTTTTTTTC,0,0,100
ExtVal_45.pdb,CCCCCCTTTTCCC,0,0,100
ExtVal_46.pdb,TTTTTTTTTTTTC,0,0,100
ExtVal_47.pdb,CCEETTEECCTTTTCCTTTTTTTTTCTTTTTTTCCCC,0,10.81081081,89.18918919
ExtVal_48.pdb,CCCCCCCCCCCCCCCCCCTTTTTTTCTTTTTTTCCCCCCCCC,0,0,100
ExtVal_49.pdb,CCCCTTTCCCCTTTTCTTTCCCCCC,0,0,100
ExtVal_50.pdb,CCHHHHHHHCCCHHHHHHHHHHHHHTTTHHHHHHHHTTTHHHHHHHHHHHC,76.47058824,0,23.52941176
ExtVal_51.pdb,CCCCCCCCTTTTCHHHHHHHHHHHHHHHHHHHCCCC,52.77777778,0,47.22222222
ExtVal_52.pdb,CTTTHHHHHHHHHHHHHHHHHHHHHHHHHC,83.33333333,0,16.66666667
ExtVal_53.pdb,CHHHHHHHCCCCHHHHHHCCC,61.9047619,0,38.0952381
ExtVal_54.pdb,CCCCCCCCHHHHHHHHHHHTTTTCCCCCCC,36.66666667,0,63.33333333
ExtVal_55.pdb,CCCCCCCHHHHHHHHHHHHGGGCCCCCCCC,50,0,50
ExtVal_56.pdb,CCCCHHHHHHHHHHHHHHHHHHHHHHHHCGGGCCCCCCC,69.23076923,0,30.76923077
ExtVal_57.pdb,CCCCCCHHHHHHHHHHHHHHCC,63.63636364,0,36.36363636
ExtVal_58.pdb,CHHHHHHHCCCCHHHHHHCCC,61.9047619,0,38.0952381
ExtVal_59.pdb,CCCCCCCHHHHHHHHHHHHGGGCCCCCCC,51.72413793,0,48.27586207
ExtVal_60.pdb,CTTTHHHHHHHHHHHHHHHHHHHHHHHHC,82.75862069,0,17.24137931
ExtVal_61.pdb,CCCCCCCHHHHHHHHHHHHGGGCCCCCCCC,50,0,50
ExtVal_62.pdb,CHHHHHHHHHHHHHHHHHHHHHHHHHHHHHHHHHC,94.28571429,0,5.714285714
ExtVal_63.pdb,CCCCCCCHHHHHHHHHHHHGGGCCCCCCCC,50,0,50
ExtVal_64.pdb,CCCCCCCHHHHHHHHHHHHTTTTCCCCCCC,40,0,60
ExtVal_65.pdb,CCCCCCCHHHHHHHHHHHHGGGCCCCCCCC,50,0,50
ExtVal_66.pdb,CCCCCCCHHHHHHHHHHHHGGGCBCCCCCCCCCCCCCCCCHHHHHHHCCCCHHHHHHCBC,46.66666667,0,53.33333333
ExtVal_67.pdb,CCCCCCTTTTTTTTTTCCCCCCCCCCCCCCCCCTTTTC,0,0,100
ExtVal_68.pdb,CCCCCCCHHHHHHHHHHHHGGGCCCCCCCC,50,0,50
ExtVal_69.pdb,CTTTCCCCHHHHHHHHHHHGGGCBCCCTTTTTCCCCCCHHHHHHCCCCHHHHHHCBC,45.61403509,0,54.38596491
ExtVal_70.pdb,CHHHHHHHHHHHHHHHHHHHHHHHHHHHC,93.10344828,0,6.896551724
ExtVal_71.pdb,CCCCCHHHHHHHHHHHHHHHHHHHHHHHHHHHHHHHHC,84.21052632,0,15.78947368
ExtVal_72.pdb,CCCCCCCHHHHHHHHHHHHGGGCCCCCCCC,50,0,50
ExtVal_73.pdb,CCCCCCCHHHHHHHHHHHHGGGCCCCCCC,51.72413793,0,48.27586207
ExtVal_74.pdb,CCCCCCCCHHHHHHHHHHHGGGCBCCTTTTHHHHHHHCCCCHHHHHHCBC,54,0,46
ExtVal_75.pdb,CCCHHHHHHHHHHHHHHHHHHHHHHHHHHHHHHC,88.23529412,0,11.76470588
ExtVal_76.pdb,HHHHHHHHHHHHHHHHHHHHHHHHHHHHHHHHHC,97.05882353,0,2.941176471
ExtVal_77.pdb,CHHHHHHHCCCCHHHHHHCCC,61.9047619,0,38.0952381
ExtVal_78.pdb,CCHHHHHHHHHHHHHHHHHHHHHHHHHHHC,90,0,10
ExtVal_79.pdb,CCCHHHHHHHHHHHHHHHHHHHHHHHHHHHHHHHHHC,89.18918919,0,10.81081081
ExtVal_80.pdb,CCCCCCCCTTTTCHHHHHHHHHHHHHHHHHC,54.83870968,0,45.16129032
ExtVal_81.pdb,CTTTHHHHHHHHHHHHHHHHHHHHHHHHHHHHHHHHHC,86.84210526,0,13.15789474
ExtVal_82.pdb,CTTTHHHHHHHHHHHHHHHHHHHHHHHHHHHHHHHHHHHC,87.5,0,12.5
ExtVal_83.pdb,CCCCCCCHHHHHHHHHHHHGGGCCCCCCCC,50,0,50
ExtVal_84.pdb,CHHHHHHTTTCCHHHHHHTTTC,54.54545455,0,45.45454545
ExtVal_85.pdb,TTTTHHHHHHHHHHHHHTTTTCCC,54.16666667,0,45.83333333
ExtVal_86.pdb,CCCCCCCHHHHHHHHHHHHGGGCCCCCCCC,50,0,50
ExtVal_87.pdb,TTTTTTTTTCCCHHHHHHHHC,38.0952381,0,61.9047619
ExtVal_88.pdb,CCCCCCCHHHHHHHHHHHHTTTTTCCCCC,41.37931034,0,58.62068966
ExtVal_89.pdb,CCCHHHHHHHHHHHHHHHHHHHHHHHHHHHHHHHHHHCC,87.17948718,0,12.82051282
ExtVal_90.pdb,CHHHHHHHCCCCHHHHHHCCC,61.9047619,0,38.0952381
ExtVal_91.pdb,CTTTCCCCHHHHHHHHHHHCCC,50,0,50
ExtVal_92.pdb,CTTTCCCHHHHHHHHHHHHHHC,63.63636364,0,36.36363636
ExtVal_93.pdb,CCCCCCCCCCCCCEEETTTEEETTHHHHHHHHHCHHHHHHCCCEEECCCGGGTTTTTTTTTTTTC,27.69230769,13.84615385,58.46153846
ExtVal_94.pdb,CCCCCCCCHHHHHHHHHHCCCCHHHHHHHHHHHCCTTTTCHHHHHHCCCCCHHHHHHHHHHHHHHHHHHHHHHHHHC,67.53246753,0,32.46753247
ExtVal_95.pdb,CHHHHHHHHHHHHHHHHHHHHTTCCCHHHHHHHHHHHHHCCCHHHHHHHHHHHHHHHHHHHHHHHHTTTHHHHHHHHTTTTTT,78.31325301,0,21.68674699
ExtVal_96.pdb,CHHHHHHHHHHHHHHHHHHHCHHHHHHHHHHHHHHHHHCCCHHHHHHHHHHHHHHHHHHHHHHHHHCHHHHHHHHTTTTC,86.25,0,13.75
ExtVal_97.pdb,CCHHHHHHHHHCEETTEECCCCCCCCEETTTTCEETTHHHHHHHHHHHHHHHHHHTTTTTCCCCCCCCC,39.13043478,11.5942029,49.27536232
ExtVal_98.pdb,CCCCCCCTTTTCTTTTCCCCCCEEETTTEEECCHHHHHHHHHHHTTTCCEEEECCC,19.64285714,17.85714286,62.5
ExtVal_99.pdb,CCCTTTTCCCCCCCEEETTTCEETTHHHHHHHHHHCTTTTCEEEECTTTTCCCCC,18.18181818,16.36363636,65.45454545
ExtVal_100.pdb,CCTTTCCHHHHHGGGGGGEETTEECCCCCCCCEETTTTCEETTHHHHHHHHHHHHHHHHHHHHHHCCC,48.52941176,11.76470588,39.70588235
ExtVal_101.pdb,TTTCCCCBTTTTCCCCCCCTTTCCEEEEETTEEEEECC,0,26.31578947,73.68421053
ExtVal_102.pdb,CCCGGGGCEEEEETTTCCTTTEEEEbTTTTTTTEEEEEECCC,9.523809524,35.71428571,54.76190476
ExtVal_103.pdb,CCEETTTTEEEEETTTTCCTTTEEEEbTTTTTTTEEEEEECC,0,40.47619048,59.52380952
ExtVal_104.pdb,TTEETTTTEEEEETTTTCCTTTEEEEbTTTTTTTEEEEEECC,0,40.47619048,59.52380952
ExtVal_105.pdb,CCHHHHHHHHHHHCTTTTTTTTTTTTCGGGCCC,42.42424242,0,57.57575758
ExtVal_106.pdb,CCCGGGGCCEEEETTTCCTTTEEEEbTTTTTTTEEEEEETTTCCC,8.888888889,31.11111111,60
ExtVal_107.pdb,CCCGGGGCCEEEETTTCCTTTEEEEbTTTTTTTEEEEEETTTC,9.302325581,32.55813953,58.13953488
ExtVal_108.pdb,CCCGGGGCCEEEETTTCCTTTEEEEbTTTTTTTEEEEEETTTCCC,8.888888889,31.11111111,60
ExtVal_109.pdb,CCCGGGGCCEEEETTTCCTTTEEEEbTTTTTTTEEEEEECCCC,9.302325581,32.55813953,58.13953488
ExtVal_110.pdb,HHHHHHHHHHHCC,84.61538462,0,15.38461538
ExtVal_111.pdb,TTTTTTTTEEEETTTTTTCTTTEEEEETTTTTCEEEEEECCC,0,35.71428571,64.28571429
ExtVal_112.pdb,CCCCCTTTTEEEEETTEEEEETTTCCCCTTTTCCCCCTTTTC,0,23.80952381,76.19047619
ExtVal_113.pdb,CCCCCCC,0,0,100
ExtVal_114.pdb,CCCCCCCCCC,0,0,100
ExtVal_115.pdb,CEEEEEEETTEEEEEEEC,0,77.77777778,22.22222222
ExtVal_116.pdb,CEEEEEEETTEEEEEEEC,0,77.77777778,22.22222222
ExtVal_117.pdb,CEEEEEEETTEEEEEEEC,0,77.77777778,22.22222222
ExtVal_118.pdb,CEEEEEEETTEEEEEEEC,0,77.77777778,22.22222222
ExtVal_119.pdb,CTTTCCCCCHHHHHHHCCC,36.84210526,0,63.15789474
ExtVal_120.pdb,CCBTTTEECTTTTCCCBTTTTEEETTTTEEECCC,0,23.52941176,76.47058824
ExtVal_121.pdb,CCTTTCTTTTTTTTTEEEETTTBTTEEEEEETTEEEEEECTTTTEEETTTTEEETTTTTTCCTTBTCTTTTTC,0,30.1369863,69.8630137
ExtVal_122.pdb,CCCTTTTCCBTTTTTTTTTTTBTTTTTGGGBBC,9.090909091,0,90.90909091
ExtVal_123.pdb,CEEEEEEETTTEEEEEEEETTTCEEEEEEETTTTCEEEEEETTTEEEEEEEECTTTTCEEEEEEEC,0,65.15151515,34.84848485
ExtVal_124.pdb,CCCCTTTTEEEEEECCCEEETTTTEEEEEEEEEETTTCEEEEEEEEEEEC,0,60,40
ExtVal_125.pdb,CHHHHHHHHHHHHHHHHHHHHHHHHHHHHHCCCC,85.29411765,0,14.70588235
ExtVal_126.pdb,CCCCCCHHHHHHHHHHHHHC,65,0,35
ExtVal_127.pdb,CEEEEEETTTCCTTEEEETTEEEEEEEEEEETTTTEEEEEEEECCCC,0,61.70212766,38.29787234
ExtVal_128.pdb,CEEEEEECCCCCCCEEEECC,0,50,50
ExtVal_129.pdb,CTTTTCCCCCC,0,0,100
ExtVal_130.pdb,CCCBTTTEEETTTTTCCCBTTTCEECTTTTTTEEECCC,0,21.05263158,78.94736842
ExtVal_131.pdb,CCCEEEEETTEEEEECC,0,58.82352941,41.17647059
ExtVal_132.pdb,CCEEEEEETTEEEEEEC,0,70.58823529,29.41176471
ExtVal_133.pdb,CCEEEEEETTEEEEEEC,0,70.58823529,29.41176471
ExtVal_134.pdb,CHHHHHHHHHHHHHHHCC,83.33333333,0,16.66666667
ExtVal_135.pdb,CEEEEEEETTEEEEEEEC,0,77.77777778,22.22222222
ExtVal_136.pdb,CCEEEEEETTTTCTTTGGGCEEEETTEEEEC,9.677419355,45.16129032,45.16129032
ExtVal_137.pdb,CCCEEEEbTTTTTTEEEEEEEETTEEEEEEEC,0,59.375,40.625
ExtVal_138.pdb,CEEEEEEETTEEEEEEEC,0,77.77777778,22.22222222
ExtVal_139.pdb,CCTTTCEEEETTCTTTEEEEEECTTTEEEEEECC,0,47.05882353,52.94117647
ExtVal_140.pdb,CCCEEEETTTTTTTEEEEEEEETTEEEEEEEC,0,59.375,40.625
ExtVal_141.pdb,CCTTTTCBTTTTCCCTTTEEEETTEEEEC,0,27.5862069,72.4137931
ExtVal_142.pdb,CTTTCCEEEETTTTTTTEEEEEEEETTEEEEEEEC,0,54.28571429,45.71428571
ExtVal_143.pdb,CCCCCCCCCCCCCCCCCCCCCCCCCCCCCCCCCCCCCCCCCCCCCCCCCCCCEEEETTTTTTTEEEEEEEETTEEEEEEEC,0,23.45679012,76.54320988
ExtVal_144.pdb,CCHHHHHHHHHHHHHHHHTTTCCCCCCCCCCCCCCCCCCCCCCCTTTCCCCCCCCCCTTTTTTTTCCCCCCEEEETTTTTTTEEEEEEEETTEEEEEEEC,16,19,65
ExtVal_145.pdb,CCCCCBEEEETTTEEEETTEECTTTTEECCCCCCCCEEC,0,35.8974359,64.1025641
ExtVal_146.pdb,CCCCTTTEEEEETTEEEEETTTTTTEEECCCCTTTC,0,36.11111111,63.88888889
ExtVal_147.pdb,CCCCEEETTTTTTTTTTTTTEEEECTTTTEEEETTTC,0,29.72972973,70.27027027
ExtVal_148.pdb,CEEEEETTBTTBCCEEEEECC,0,47.61904762,52.38095238
ExtVal_149.pdb,CEEEEETTTTTTTEEEEECC,0,50,50
ExtVal_150.pdb,TTTCCEEEEEETTTTTCCEEEEEEC,0,48,52
ExtVal_151.pdb,CEEEEBTTTTTCBCBCCCCEECHHHHHHHHTTTTTCCEEEEETTEEEEETTTTTTCEETTTTTCC,12.30769231,27.69230769,60
ExtVal_152.pdb,CCBTTTEECTTTTCBTTTEEEETTTTEEEECCCCC,0,28.57142857,71.42857143
ExtVal_153.pdb,CEECTTTTTCCGGGCCCCEEEEETTCTTTEEECCCCCTTEEEEEECCC,6.25,33.33333333,60.41666667
ExtVal_154.pdb,CCTTTTCCCCCTTTTTHHHHHHHHHHCCCCTTTTTTTTTTCC,23.80952381,0,76.19047619
ExtVal_155.pdb,CCBTTTEECTTTTCCCBTTTEEEETTTTEEEECC,0,29.41176471,70.58823529
ExtVal_156.pdb,CCCBTTTEECCCGGGBTTTEEEETTTTEEEECCCC,8.571428571,28.57142857,62.85714286
ExtVal_157.pdb,CCCCBTTTEECBTTBTCBTTTEEEETTTTEEEECCC,0,27.77777778,72.22222222
ExtVal_158.pdb,CCCCBTTTEECBTTBTCBTTTEEEETTTTEEEECCC,0,27.77777778,72.22222222
ExtVal_159.pdb,CCEECTTTTCCCEEEEETTCCCTTTTCEEEEEEETTEEEEEEC,0,46.51162791,53.48837209
ExtVal_160.pdb,CEEEEETTEEEEEEETTCCCTTTTTEEEEEEETTEEEEEETT,0,59.52380952,40.47619048
ExtVal_161.pdb,CCBTTTEECTTTTTCCBTTTTCEEEETTTTEEEEC,0,28.57142857,71.42857143
ExtVal_162.pdb,CEEEEETTEEEEEEETTCCCTTTTCEEEEEEETTEEEEEECC,0,59.52380952,40.47619048
ExtVal_163.pdb,CCCBTTTEECBTTBTCBCGGGCEEEETTTTEEEECC,8.333333333,27.77777778,63.88888889
ExtVal_164.pdb,CEEECCGGGCCCTTTTCCCEEEEETTCTTTEEEEETTTTEEEEEEC,6.52173913,41.30434783,52.17391304
ExtVal_165.pdb,CCCCBCTTTEECTTTTCCBTTTTEEEETTTTTTEEEETTTTTTTTCCC,0,20.83333333,79.16666667
ExtVal_166.pdb,CCCCBTTTEETTTTTTTBCBTTTTBCEEEEECCCTTTTCCEEEEECCCHHHHHHHHHHHHHHCC,21.875,18.75,59.375
ExtVal_167.pdb,CCCCBTTTEETTTTTTBTTTCEEEEETTTTCEEEEEC,0,32.43243243,67.56756757
ExtVal_168.pdb,CEETTTTEETTTTTTTTTEEEEETTTTTTEEEEEC,0,40,60
ExtVal_169.pdb,CEEEEETTTGGGGHHHHHHHHTTTEEEEEETTEEEEEEC,30.76923077,43.58974359,25.64102564
ExtVal_170.pdb,TTTCTTTTBGGGTTTTTTTEEEEETTTTCEEEEECCC,8.108108108,27.02702703,64.86486486
ExtVal_171.pdb,CCCCBTTTEECBTTBCCBTTTTEEETTTTEEETTTC,0,22.22222222,77.77777778
ExtVal_172.pdb,CCCCBTTTEECTTTTCCBTTTEEETTTTTEEEETTC,0,25,75
ExtVal_173.pdb,TTTCCTTTTTTTTCTTTTTTEEEEEETTEEEEEECC,0,33.33333333,66.66666667
ExtVal_174.pdb,CCCCCCCCBTTBCCCBTTTBCCTTTEEEECCTTTTCCEEEETTTCCCCCCCTTTTTTCCCGGGCC,4.615384615,12.30769231,83.07692308
ExtVal_175.pdb,CCCCCCCCTTTTCCCTTTTTTTTTTEEEECCTTTTCCEEEETTTCCCCCCC,0,15.68627451,84.31372549
ExtVal_176.pdb,CCCCCCCCBTTBCCCBTTTBCCTTTEEEECCTTTTCCEEEETTTCCCCCCCTTTTTTCCCGGGCC,4.615384615,12.30769231,83.07692308
ExtVal_177.pdb,CCCCCCCCTTTTTCCBCCCBTTTTTEEEECCTTTTCCEEEETTTCCCTTTTTTTTTCCCTTTTTTC,0,12.12121212,87.87878788
ExtVal_178.pdb,CCCCCCCCEEEETTTTEEEECCCCC,0,32,68
ExtVal_179.pdb,CCCCCCCEEEEEETTEEEEEEETTTTTTCTTTTCCCTTTTTTTTTTTCCCCTTTTTCCCCCCCCCCC,0,19.40298507,80.59701493
ExtVal_180.pdb,CCCCCCCEECCCGGGCTTTTCEETTTEEC,10.34482759,20.68965517,68.96551724
ExtVal_181.pdb,CCCCEEEECCCTTTTBCCCGGGCTTTbCTTTTCEEEEEEEEEEETTEEEEEEEECTTT,5.172413793,39.65517241,55.17241379
ExtVal_182.pdb,CCCTTTEEEEEEEETTTCBTTBTCCCCCCCCEEEEEEETTTTEETTTTCEECGGGC,5.357142857,33.92857143,60.71428571
ExtVal_183.pdb,TTTTTTTTTCHHHHHHHHHHHHHCCCEEEEETTTEEEEEC,32.5,25,42.5
ExtVal_184.pdb,TTTTTTTTTTHHHHHHHHHHHHHCCCEEEEETTTEEEEEC,32.5,25,42.5
ExtVal_185.pdb,TTTCCCCEECCEECGGGCEEEEETTEEEETTTEEEETTGGGGGGGGGGGCCCCEECCCEEETTTEEEEETTEEEETTEEEECGGGTTTTTTC,18.47826087,38.04347826,43.47826087
ExtVal_186.pdb,TTTTTTHHHHHHHHHHTTTEEEEEECTTTTCCEEEEEC,26.31578947,28.94736842,44.73684211
ExtVal_187.pdb,CEEEEEETTTTCTTTGGGCEEEETTEEEEC,10,46.66666667,43.33333333
ExtVal_188.pdb,CHHHHHHHHHHHHHCEEEETTTCTTTEEEEEEEETTTEEEEEECC,28.88888889,40,31.11111111
ExtVal_189.pdb,CCCHHHHHHHHHHHHGGGEEEEEEETTEEEEEECCC,41.66666667,36.11111111,22.22222222
ExtVal_190.pdb,CCTTTTEETTTTCCCTTTTEEETTEEECC,0,27.5862069,72.4137931
ExtVal_191.pdb,CTTTEEEETTTCHHHHHTTTHHHHHHHHTTTTCEEEEEETTTTCEEEEEECCCC,24.07407407,29.62962963,46.2962963
ExtVal_192.pdb,TTTTTTTTTCHHHHHHHHHHHHHCCCEEEEETTTEEEEEC,32.5,25,42.5
ExtVal_193.pdb,CHHHHHHHHHTTTGGGTTTCCCCCCCHHHHHHHHCCCCEEEEEEECCTTTTTEEEEEEEC,33.33333333,23.33333333,43.33333333
ExtVal_194.pdb,CEEEEETTTTCCCCCCHHHHHHHHHHHCCCEEEEEEETTEEEEEEEEECC,22,42,36
ExtVal_195.pdb,CHHHHHHHHHHHHHHHHHHHHHHHHHTTTTCCHHHHHHHHCCEEETTTCTTTTEEEEEEGGGCEEEEEC,52.17391304,20.28985507,27.53623188
ExtVal_196.pdb,HHHHHHHHCCEEETTTCTTTTEEEEEEGGGTEEEEEC,29.72972973,37.83783784,32.43243243
ExtVal_197.pdb,CEEECCHHHHHHHHHHHHCCCHHHHHHHHCEEECCCCCCTTTTCC,44.44444444,13.33333333,42.22222222
ExtVal_198.pdb,CEEECCHHHHHHHHHHHHCCCHHHHHHHHCEEECCCCCCTTTTTC,44.44444444,13.33333333,42.22222222
ExtVal_199.pdb,CEEBCCHHHHHHHHHHHTTTTCHHHHHHHHCCEECCCCCCTTTTBC,41.30434783,8.695652174,50
ExtVal_200.pdb,TTTTTTTHHHHHHHHHHHCCCEEEEETTTTTEEEEECC,28.94736842,26.31578947,44.73684211
ExtVal_201.pdb,TTTTTCCCEEEETTEEEETTTTTTTTTTTCTTTTTTTTCTTTTC,0,18.18181818,81.81818182
ExtVal_202.pdb,TTTTTTTCTTEEEETTEEEETTTTTTTTTTTCTTTTTTTTTTTCCC,0,17.39130435,82.60869565
ExtVal_203.pdb,TTTTTTTHHHHHHHHHHHCCCEEEEEGGGTTTEEEEETTCCCC,32.55813953,23.25581395,44.18604651
ExtVal_204.pdb,TTTTTTTHHHHHHHHHHHCCCEEEEEGGGTTTEEEEETTCCCC,32.55813953,23.25581395,44.18604651
ExtVal_205.pdb,HHHHHHHHHCCEEETTTTTTEEEEEEETTTEEEEEECCCCCCCCC,20,35.55555556,44.44444444
ExtVal_206.pdb,CEEEEETTTTCCCTTTHHHHHHHHHHHCCCEEEEETTTTEEEEEEEC,23.40425532,36.17021277,40.42553191
ExtVal_207.pdb,CCCCCCCCCTTTTCCTTHHHHHHHHHHHHHHHTTTTC,40.54054054,0,59.45945946
ExtVal_208.pdb,CEEEEETTTTCEEEEECTTTTBHHHHHHHHHHHHCCCGGGEEEEETTEECTTTTBGGGGCCTTTTEEEEEECCC,25.67567568,31.08108108,43.24324324
ExtVal_209.pdb,CCTTTCCTTTTCCCCCCGGGEEEEEEETTTTTTTTEEEEEETTTCEEEETTTTHHHHHHHHHHHHHHHTTTCCCCCCC,23.07692308,21.79487179,55.12820513
ExtVal_210.pdb,CCCCTTTCHHHHHTTTTTTTTTTTTTTTTCHHHHHHHHHHHHCC,38.63636364,0,61.36363636
ExtVal_211.pdb,CCCCCGGGTTTTCCTTTHHHHHHCCCCC,32.14285714,0,67.85714286
ExtVal_212.pdb,CHHHHHHHHHHHHHCCC,76.47058824,0,23.52941176
ExtVal_213.pdb,CCHHHHHHHHHHHHHHHHHHHHHHHHC,88.88888889,0,11.11111111
ExtVal_214.pdb,TTTTCTTTTCCCCCCCCCCCCCCCCC,0,0,100
ExtVal_215.pdb,TTTTCCTTTTTCCC,0,0,100
ExtVal_216.pdb,CCCCCCGGGCBHHHHHHHHHHHHHCCTTTHHHHHHHHHHHHHHHCTTTTHHHHHCCTTTTCCCHHHHHHHHHHHHHHHCCCCCBCCCCCCCCCC,54.25531915,0,45.74468085
ExtVal_217.pdb,CCCCCCGGGCCHHHHHHHHHHHHHCCCCHHHHHHHHHHHHHHHCTTTTHHHHHCCTTTTCCCHHHHHHHHHHHHHHHCCCCCCCC,60,0,40
ExtVal_218.pdb,HHHHHHHHHHHHCCCEEEEEEEEECTTTTTEEEEEEEETTEEEEEEETTHHHHHHHHHHHHHHHHHHC,44.11764706,35.29411765,20.58823529
ExtVal_219.pdb,CCCTTTCCCCTTTTCCBTTTCGGGEEEEEEECTTTTCCEEEEEETTTTCEEEETTTTHHHHHHHHHHHHC,21.42857143,24.28571429,54.28571429
ExtVal_220.pdb,CCCTTTCCCCTTTTCCBTTTCGGGEEEEEEECTTTTCCEEEEEETTTTCEEEETTTTHHHHHHHHHHHHC,21.42857143,24.28571429,54.28571429
ExtVal_221.pdb,CCCCCCCCTTTTCCBTTTCGGGEEEEEEECTTTTCCEEEEEETTTTCEEEETTTTHHHHHHHHHHHC,20.89552239,25.37313433,53.73134328
ExtVal_222.pdb,CCCCCTTTTTTTCCBTTTCGGGEEEEEEECTTTTCCEEEEEETTTTCEEEETTTTHHHHHHHHHHHHC,22.05882353,25,52.94117647
ExtVal_223.pdb,CCCCCCCCCCCCCCCCCCCCCCEEEECCCCTTTTTCEEEETTCCCCEECCHHHHHHHHCTTTCC,12.5,15.625,71.875
ExtVal_224.pdb,CTTTCCCCCGGGGTTTTTEEEEEEEETTTCTTTTTCEEEEEEEEC,8.888888889,35.55555556,55.55555556
ExtVal_225.pdb,CEEEEBEETTTEECBCCCHHHHHHHHHHHHCCCEEEEETTEEEEEEETTTTCBCCCCHHHHHHHHTTTC,28.98550725,28.98550725,42.02898551
ExtVal_226.pdb,CCEEEEEBEEGGGEECBCCCHHHHHHHHHHHCCCEEEEEEEETTEEEEEEEEEETTTCBCCCCCCC,21.21212121,40.90909091,37.87878788
ExtVal_227.pdb,CEEEEBEETTTEECBCCCHHHHHHHHHHHCCCEEEEEEEETTEEEEEEEEETTTTCBCCCCCCC,17.1875,39.0625,43.75
ExtVal_228.pdb,CEEEEBEETTTEECBCCCHHHHHHHHHHHCCCEEEEEEETTTEEEEEEEEETTTTCBCCCCCCC,17.1875,37.5,45.3125
ExtVal_229.pdb,CEEEEBTTTTCBCBCCCCEECCHHHHHHHHHHHCCCEEEEETTEEEEETTTTTTCEETTTTTCCCCC,16.41791045,26.86567164,56.71641791
ExtVal_230.pdb,CEEEEBEETTTEECBCCCHHHHHHHHHHHCCCEEECCCCTTTTTBCEEEEETTTTCBCCCCCCC,17.1875,25,57.8125
ExtVal_231.pdb,CEEEEBBTTTTCBCBCCCHHHHHHHHHHHCCCEEEEEEEETTEEEEEEEEETTTTCBCCCCCCC,17.1875,32.8125,50
ExtVal_232.pdb,CEEEEEEETTTEECBTTTTHHHHHHHHHHHCCCEEEEETTTTEEEEEEETTTTCEECCCCCCC,17.46031746,36.50793651,46.03174603
ExtVal_233.pdb,CCBTTTEECTTTTCCCBTTTEEEETTTTEEEECC,0,29.41176471,70.58823529
ExtVal_234.pdb,CEEEEBEETTTEECBCCCHHHHHHHHHHHCCCEEEEEEEETTEEEEEEEEETTTTCBCCCCCCC,17.1875,39.0625,43.75
ExtVal_235.pdb,CCEEEEETTTHHHHHHHHHHHHCCCCEEEETTEEEEC,32.43243243,35.13513514,32.43243243
ExtVal_236.pdb,CCCBCTTTTBCCCTTTTCCCBTTTTEEETTTTEEECC,0,16.21621622,83.78378378
ExtVal_237.pdb,CCTTTTCCCCGGGTTTHHHHHHHHHHCCCCTTTHHHHHCTTT,42.85714286,0,57.14285714
ExtVal_238.pdb,CCEEEEEBEETTTEECBCCCHHHHHHHHHHHCCCEEEEEEEETTEEEEEEEEEETTTCBCCCCCCC,16.66666667,40.90909091,42.42424242
ExtVal_239.pdb,CEEECEETTTTEECBCCCCEECHHHHHHHHTTTTTCCEEEEETTEEEEETTTTTTCTBTTTTTCCC,12.12121212,28.78787879,59.09090909
ExtVal_240.pdb,CCCCCCCCCCCCCCCCEEEEEBTTTTTCBCBTTTTEECHHHHHHHHHHHTTTTEEEEETTEEEEEEETTTTCEECTTTTCCC,13.41463415,25.6097561,60.97560976
ExtVal_241.pdb,CEEEEBEETTTEECBCCTTTTHHHHHHHHHHCCCEEEEEEEETTEEEEEEEEETTTTCBCCCCCCC,15.15151515,37.87878788,46.96969697
ExtVal_242.pdb,CEEECEETTTTEECBCCCCEECHHHHHHHHTTTTTCCEEEEETTEEEEETTTTTTCTBTTTTTCCC,12.12121212,28.78787879,59.09090909
ExtVal_243.pdb,CEEEEEBEETTTEECBCCCHHHHHHHHHHHCCCEEEEEEEETTEEEEEEEEEETTTCBCCCCCCC,16.92307692,41.53846154,41.53846154
ExtVal_244.pdb,CBEEEETTTEECBTTTHHHHHHHHHHHCCCEEEEETTEEEEETTTTTTTEECTTTTCCC,18.6440678,30.50847458,50.84745763
ExtVal_245.pdb,CEEECBEETTTEECBCCCHHHHHHHHHHHCCCEEEEETTTTEEEEEEETTTTCBCCCCCCCCC,17.46031746,30.15873016,52.38095238
ExtVal_246.pdb,CTTTTTEECCCGGGCGGGCCCCEEEEEETTEEEEEECC,15.78947368,36.84210526,47.36842105
ExtVal_247.pdb,CEEECBTTTTCBCBCCCCEECHHHHHHHHTTTTTCCEEEEETTEEEEETTTTTTCCBCTTTTCC,12.5,23.4375,64.0625
ExtVal_248.pdb,CEECGGGGGGTTTCHHHHHHHHHHHCCCCCEEEETTEEEEC,41.46341463,24.3902439,34.14634146
ExtVal_249.pdb,TTTTTTTCCBCCCGGGCTTTTTEEETTEEECCTTTTTTTTTTTCC,6.666666667,13.33333333,80
ExtVal_250.pdb,CCCCHHHHHHHHHHHCEEEEEETTEEEEEEC,35.48387097,38.70967742,25.80645161
ExtVal_251.pdb,CEEEEEEETTTTCTTTHHHHHHHHHHHHHTTTGGGEEEEEETTTEEEEEEECC,30.18867925,37.73584906,32.0754717
ExtVal_252.pdb,TTTTTTTTTTTTTTTHHHHHHHHHHHHHHHCCEEEEEETTEEEEEEC,31.91489362,25.53191489,42.55319149
ExtVal_253.pdb,CCCEEEEEECCCGGGGHHHHHHHCCCEEEEETTEEEEEC,28.20512821,41.02564103,30.76923077
ExtVal_254.pdb,CCEEEEEECCCGGGGHHHHHHHHCCCCEEEETTEEEECC,30.76923077,35.8974359,33.33333333
ExtVal_255.pdb,CCCBTTTHHHHHHHHHHHHCCCCEEEETTEEEECCCC,32.43243243,21.62162162,45.94594595
ExtVal_256.pdb,CEEEEEETTTHHHHHHHHHHHCEEEEEEETTEEEEEEC,28.94736842,50,21.05263158
ExtVal_257.pdb,CEEEEEETTTHHHHHHHHHHHCEEEEEEETTEEEEEEC,28.94736842,50,21.05263158
ExtVal_258.pdb,CCCCGGGGCCCCCCBCCCCEEEEEEEGGGCEEEEEEECCBCCTTTTBCCHHHHHHHHHCC,26.66666667,23.33333333,50
ExtVal_259.pdb,CCCCGGGHHHHHTTTTCEEEEETTEEEEETTCCC,23.52941176,29.41176471,47.05882353
ExtVal_260.pdb,CCCCCCCEEEEEETTEEEEEEETTTTTTCTTTTCCCTTTTTTTTTTTCCCCTTTTTCCCCCCCCCCC,0,19.40298507,80.59701493
ExtVal_261.pdb,CCCCCCCCCCGGGTTTCHHHHHHHHHHHTTTTCCCCCTTTTCCCC,31.11111111,0,68.88888889
ExtVal_262.pdb,TTTTTTTTTTHHHHHHTTTTCCCHHHHHHHHHCEEEEEEEETTTTTTTTTTTTTEEEEEEEECCCCTTTTTTTTC,20,21.33333333,58.66666667